Class,Email,Phone
NULL,NULL,NULL
human,ankitsuman70@gmail.com,7903877915
NULL,NULL,NULL
human,dfd@gmail.com,1111111111
NULL,NULL,NULL
human,ank@df.df,1234567890
NULL,NULL,NULL
NULL,NULL,NULL
human,ankit@nathcorp.com,7903877915
NULL,NULL,NULL
NULL,NULL,NULL
human,ankitsuman80@gmail.com,7903877915
NULL,NULL,NULL
NULL,NULL,NULL
NULL,NULL,NULL
NULL,NULL,NULL
NULL,NULL,NULL
human,aankitsuman80@gmail.com,NULL
human,NULL,9898989898
driller,NULL,2323232323
human,ankitsuman80@gmail.com,7903877915
NULL,NULL,NULL
human,ankitsuman80@gmail.com,7903877915
NULL,NULL,NULL
clap,NULL,7903877915
driller,NULL,7903877915
NULL,NULL,NULL
NULL,NULL,NULL
NULL,NULL,NULL
clap,NULL,7903877915
NULL,NULL,NULL
NULL,NULL,NULL
NULL,NULL,NULL
human,NULL,7903877915
NULL,NULL,NULL
as,sd@sds.cv,4545454545
as,asdds@sdas.cv,4545454545
as,asdas@dsasd.cv,9999999999
as,asd@asd.cv,9999999999
as,uytgytf@rfjk.com,8888888888
as,edhugauf@jhsf.com,9999999999
as,ankiajhf@dhf.com,7878787878
as,ankiajhf@dhf.com,7878787878
as,ankiajhf@dhf.com,7878787878
as,ankiajhf@dhf.com,7878787878
NULL,NULL,NULL
NULL,NULL,NULL
NULL,NULL,NULL
NULL,NULL,NULL
NULL,NULL,NULL
NULL,NULL,NULL
NULL,NULL,NULL
NULL,NULL,NULL
NULL,NULL,NULL